{"verts":[0,0,
0.078125,0,
0,-0.15625,
0.078125,-0.15625],

"colors":[],

"normals":[],

"indexes":[0,1,2,
1,3,2]}
