{"verts":[0,0,
0.0390625,0,
0,-0.078125,
0.0390625,-0.078125],

"colors":[],

"normals":[],

"indexes":[0,1,2,
1,3,2]}
